id,subject,grade,date,student_id
1,math,11,2023-01-10,1
2,sport,11,2023-01-12,1
3,music,11,2023-02-13,1
4,physics,11,2023-01-14,1
5,informatics,11,2023-02-02,1
6,math,10,2023-01-15,2
7,sport,10,2023-02-02,2
8,music,10,2023-01-01,2
9,physics,10,2023-01-29,2
10,informatics,10,2023-01-29,2
11,math,9,2023-01-12,3
12,sport,9,2023-01-14,3
13,music,9,2023-02-17,3
14,physics,9,2023-02-17,3
15,informatics,9,2023-01-12,3
16,math,8,2023-01-14,4
17,sport,8,2023-01-14,4
18,music,8,2023-02-02,4
19,physics,8,2023-01-14,4
20,informatics,8,2023-02-17,4
21,math,7,2023-02-17,5
22,sport,7,2023-01-12,5
23,music,7,2023-02-02,5
24,physics,7,2023-01-12,5
25,informatics,7,2023-01-14,5
26,math,6,2023-02-17,6
27,sport,6,2023-01-12,6
28,music,6,2023-02-02,6
29,physics,6,2023-02-02,6
30,informatics,6,2023-01-14,6
31,math,5,2023-02-17,7
32,sport,5,2023-01-14,7
33,music,5,2023-02-02,7
34,physics,5,2023-01-12,7
35,informatics,5,2023-01-14,7
36,math,4,2023-02-17,8
37,sport,4,2023-02-02,8
38,music,4,2023-01-14,8
39,physics,4,2023-02-17,8
40,informatics,4,2023-02-02,8
41,math,3,2023-02-02,9
42,sport,3,2023-01-14,9
43,music,3,2023-02-17,9
44,physics,3,2023-01-12,9
46,math,1,2023-01-14,2
47,math,3,2023-01-14,2
48,sport,1,2023-03-28,10
49,sport,2,2023-03-28,10
